{
  "duration": 60,
  "sprites": {
    "sprite_1773649765208": {
      "15": {
        "x": -30.010243340000216,
        "y": 15.719738496185244
      },
      "34": {
        "x": -44.3007481838149,
        "y": 31.43941157523159
      },
      "54": {
        "x": -17.148579645722293,
        "y": 17.148841314277945
      }
    },
    "sprite_1773649789162": {
      "14": {
        "x": 27.70270987427807,
        "y": 373.10917834362607
      },
      "34": {
        "x": 29.131812692370886,
        "y": 337.3826545655334
      },
      "53": {
        "x": 23.415532254278105,
        "y": 378.8253933645797
      }
    }
  },
  "hierarchy": {}
}